[
  {
    "old_data": "4a5e1e4baab89f3a32518a88c31bc87f618f76673e2cc77ab2127b7afdeda33b",
    "data": "c515ca6513b878eb7ef46f8d1422276c9977283e9ad627440c966c4d23e1070c",
    "update": "2018-11-28",
    "memo": "",
    "title": "タイトル",
    "setting": [
      "10",
      "123456789ABCDEFGHJKLMNPQRSTUVWXYZabcdefghijkmnopqrstuvwxyz!?#$%&@*+-/_"
    ]
  },
  {
    "old_data": "",
    "data": "4a5e1e4baab89f3a32518a88c31bc87f618f76673e2cc77ab2127b7afdeda33b",
    "update": "2018-11-26",
    "memo": "",
    "title": "タイトル2",
    "setting": [
      10,
      "123456789ABCDEFGHJKLMNPQRSTUVWXYZabcdefghijkmnopqrstuvwxyz!?#$%&@*+-/_"
    ]
  },
  {
    "old_data": "ccbf6813ba23e38543ba96a36d2c894c645929eddc0040d919bda041227e6465",
    "data": "cc960510ecad38ad6413e890cc05b97972757870c94dd60b8f20e2af94977a29",
    "update": "2018-11-28",
    "memo": "",
    "title": "Yahoo!",
    "setting": [
      "50",
      "0123456789"
    ]
  },
  {
    "old_data": "",
    "data": "18c700d7402e3d8fed45e35811c323a124aacb25575620bd5451632d6bfa18f9",
    "update": "2018-11-28",
    "memo": "",
    "title": "goo",
    "setting": [
      "12",
      "ABCDEFGHIJKLMNOPQRSTUVWXYZ"
    ]
  },
  {
    "old_data": "82813e68dee48ba695972dcdc627a6a75153fd8da4cb727f554879f55dcae36c",
    "data": "071c984b66a8ee4ff0a19a22ca610e58255263fdfa5b744001caffa4f3a0cff0",
    "update": "2018-11-28",
    "memo": "",
    "title": "google",
    "setting": [
      "12",
      "123456789ABCDEFGHJKLMNPQRSTUVWXYZabcdefghijkmnopqrstuvwxyz#$%()*+-./:;?@[]_{}~"
    ]
  }
]