[
  {
    "old_data": "ccbf6813ba23e38543ba96a36d2c894c645929eddc0040d919bda041227e6465",
    "data": "cc960510ecad38ad6413e890cc05b97972757870c94dd60b8f20e2af94977a29",
    "update": "2018-11-27",
    "memo": "id:hogehoge",
    "title": "Yahoo!",
    "setting": [
      "50",
      "0123456789"
    ]
  },
  {
    "old_data": "",
    "data": "18c700d7402e3d8fed45e35811c323a124aacb25575620bd5451632d6bfa18f9",
    "update": "2018-11-28",
    "memo": "",
    "title": "goo",
    "setting": [
      "12",
      "ABCDEFGHIJKLMNOPQRSTUVWXYZ"
    ]
  },
  {
    "old_data": "82813e68dee48ba695972dcdc627a6a75153fd8da4cb727f554879f55dcae36c",
    "data": "071c984b66a8ee4ff0a19a22ca610e58255263fdfa5b744001caffa4f3a0cff0",
    "update": "2018-11-28",
    "memo": "",
    "title": "google",
    "setting": [
      "12",
      "123456789ABCDEFGHJKLMNPQRSTUVWXYZabcdefghijkmnopqrstuvwxyz#$%()*+-./:;?@[]_{}~"
    ]
  },
  {
    "old_data": "c169254009b6d81834a905e3fd9b4c7b155c4c7df5b7e0be3acd5b19cfbdb7d7",
    "data": "06f473edd870f3b6298370cc681877e3c63b56c1ab930863bd8d8c0e58511a2f",
    "update": "2018-11-29",
    "memo": "",
    "title": "ニコニコ",
    "setting": [
      "8",
      "abcdefghijklmnopqrstuvwxyz0123456789"
    ]
  }
]